nodes,value
10,1.1111111111111118
25,3.361904761904763
50,2.8507795100222713
100,4.233307148468184