nodes,value
10,1.3432835820895523
25,2.0124481327800843
50,1.9589041095890405
100,2.387700534759358