nodes,value
10,3.441558441558442
25,5.096256684491978
50,5.9758620689655135
100,6.422893481717009