nodes,value
10,3.691176470588236
25,5.034825870646763
50,5.566037735849055
100,6.505862646566157