nodes,value
10,3.347826086956523
25,4.224637681159419
50,6.906906906906904
100,6.156133828996273