nodes,value
10,4.283333333333334
25,4.713615023474178
50,6.206703910614525
100,7.828947368421058