nodes,value
10,52.94117647058824
25,40.229885057471265
50,47.064989517819704
100,47.64221556886227