nodes,value
10,78.16091954022988
25,58.60058309037901
50,51.20772946859904
100,52.3225241016652