nodes,value
10,43.1924882629108
25,42.331288343558285
50,45.55403556771546
100,48.79818594104308