nodes,value
10,52.94117647058824
25,38.793103448275865
50,46.75052410901468
100,46.44461077844311