nodes,value
10,57.26495726495726
25,50.84388185654009
50,47.15762273901809
100,48.69791666666667