nodes,value
10,74.71264367816092
25,58.60058309037901
50,51.04669887278583
100,52.234881682734446