nodes,value
10,69.36936936936937
25,58.07453416149069
50,53.11355311355312
100,58.02583025830258