nodes,value
10,43.1924882629108
25,41.308793456032724
50,44.39124487004104
100,47.02947845804989