nodes,value
10,45.45454545454545
25,48.29931972789115
50,46.074646074646076
100,35.651881720430104